{
  "pet_rarity_offset": {
    "COMMON": 0,
    "UNCOMMON": 6,
    "RARE": 11,
    "EPIC": 16,
    "LEGENDARY": 20,
    "MYTHIC": 20
  },
  "pet_levels": [
    100,
    110,
    120,
    130,
    145,
    160,
    175,
    190,
    210,
    230,
    250,
    275,
    300,
    330,
    360,
    400,
    440,
    490,
    540,
    600,
    660,
    730,
    800,
    880,
    960,
    1050,
    1150,
    1260,
    1380,
    1510,
    1650,
    1800,
    1960,
    2130,
    2310,
    2500,
    2700,
    2920,
    3160,
    3420,
    3700,
    4000,
    4350,
    4750,
    5200,
    5700,
    6300,
    7000,
    7800,
    8700,
    9700,
    10800,
    12000,
    13300,
    14700,
    16200,
    17800,
    19500,
    21300,
    23200,
    25200,
    27400,
    29800,
    32400,
    35200,
    38200,
    41400,
    44800,
    48400,
    52200,
    56200,
    60400,
    64800,
    69400,
    74200,
    79200,
    84700,
    90700,
    97200,
    104200,
    111700,
    119700,
    128200,
    137200,
    146700,
    156700,
    167700,
    179700,
    192700,
    206700,
    221700,
    237700,
    254700,
    272700,
    291700,
    311700,
    333700,
    357700,
    383700,
    411700,
    441700,
    476700,
    516700,
    561700,
    611700,
    666700,
    726700,
    791700,
    861700,
    936700,
    1016700,
    1101700,
    1191700,
    1286700,
    1386700,
    1496700,
    1616700,
    1746700,
    1886700
  ],
  "custom_pet_leveling": {
    "GOLDEN_DRAGON": {
      "type": 1,
      "pet_levels": [
        0,
        5555,
        1886700,
        1886700,
        1886700,
        1886700,
        1886700,
        1886700,
        1886700,
        1886700,
        1886700,
        1886700,
        1886700,
        1886700,
        1886700,
        1886700,
        1886700,
        1886700,
        1886700,
        1886700,
        1886700,
        1886700,
        1886700,
        1886700,
        1886700,
        1886700,
        1886700,
        1886700,
        1886700,
        1886700,
        1886700,
        1886700,
        1886700,
        1886700,
        1886700,
        1886700,
        1886700,
        1886700,
        1886700,
        1886700,
        1886700,
        1886700,
        1886700,
        1886700,
        1886700,
        1886700,
        1886700,
        1886700,
        1886700,
        1886700,
        1886700,
        1886700,
        1886700,
        1886700,
        1886700,
        1886700,
        1886700,
        1886700,
        1886700,
        1886700,
        1886700,
        1886700,
        1886700,
        1886700,
        1886700,
        1886700,
        1886700,
        1886700,
        1886700,
        1886700,
        1886700,
        1886700,
        1886700,
        1886700,
        1886700,
        1886700,
        1886700,
        1886700,
        1886700,
        1886700,
        1886700,
        1886700,
        1886700,
        1886700,
        1886700,
        1886700,
        1886700,
        1886700,
        1886700,
        1886700,
        1886700,
        1886700,
        1886700,
        1886700,
        1886700,
        1886700,
        1886700,
        1886700,
        1886700,
        1886700
      ],
      "max_level": 200
    },
    "BINGO": {
      "rarity_offset": {
        "COMMON": 0,
        "UNCOMMON": 0,
        "RARE": 0,
        "EPIC": 0,
        "LEGENDARY": 0
      }
    },
    "REINDEER": {
      "xp_multiplier": 2
    }
  },
  "pet_types": {
    "ROCK": "MINING",
    "BAT": "MINING",
    "MITHRIL_GOLEM": "MINING",
    "WITHER_SKELETON": "MINING",
    "SILVERFISH": "MINING",
    "ENDERMITE": "MINING",
    "BEE": "FARMING",
    "CHICKEN": "FARMING",
    "PIG": "FARMING",
    "RABBIT": "FARMING",
    "ELEPHANT": "FARMING",
    "BLUE_WHALE": "FISHING",
    "DOLPHIN": "FISHING",
    "FLYING_FISH": "FISHING",
    "BABY_YETI": "FISHING",
    "MEGALODON": "FISHING",
    "SQUID": "FISHING",
    "JELLYFISH": "ALCHEMY",
    "SHEEP": "ALCHEMY",
    "PARROT": "ALCHEMY",
    "MONKEY": "FORAGING",
    "GIRAFFE": "FORAGING",
    "LION": "FORAGING",
    "OCELOT": "FORAGING",
    "BLACK_CAT": "COMBAT",
    "BLAZE": "COMBAT",
    "ENDER_DRAGON": "COMBAT",
    "ENDERMAN": "COMBAT",
    "GHOUL": "COMBAT",
    "GOLEM": "COMBAT",
    "GRIFFIN": "COMBAT",
    "HORSE": "COMBAT",
    "HOUND": "COMBAT",
    "JERRY": "COMBAT",
    "MAGMA_CUBE": "COMBAT",
    "PHOENIX": "COMBAT",
    "PIGMAN": "COMBAT",
    "SKELETON": "COMBAT",
    "SKELETON_HORSE": "COMBAT",
    "SNOWMAN": "COMBAT",
    "SPIDER": "COMBAT",
    "SPIRIT": "COMBAT",
    "TARANTULA": "COMBAT",
    "TURTLE": "COMBAT",
    "TIGER": "COMBAT",
    "ZOMBIE": "COMBAT",
    "WOLF": "COMBAT",
    "GUARDIAN": "ENCHANTING",
    "GRANDMA_WOLF": "COMBAT",
    "ARMADILLO": "MINING",
    "BAL": "COMBAT",
    "GOLDEN_DRAGON": "COMBAT",
    "RAT": "COMBAT",
    "SCATHA": "MINING",
    "AMMONITE": "FISHING",
    "SNAIL": "MINING",
    "MOOSHROOM_COW": "FARMING",
    "KUUDRA": "COMBAT",
    "REINDEER": "FISHING",
    "BINGO": "ALL"
  }
}