{
  "itemid": "minecraft:skull",
  "displayname": "§9Actually Blue™ Abicase",
  "nbttag": "{HideFlags:254,SkullOwner:{Id:\"da4494c1-1a56-4cf1-b4e4-d2be6e55ea0b\",hypixelPopulated:1b,Properties:{textures:[0:{Value:\"eyJ0ZXh0dXJlcyI6eyJTS0lOIjp7InVybCI6Imh0dHA6Ly90ZXh0dXJlcy5taW5lY3JhZnQubmV0L3RleHR1cmUvYTNjMTUzYzM5MWMzNGUyZDMyOGE2MDgzOWU2ODNhOWY4MmFkMzA0ODI5OWQ4YmM2YTM5ZTZmOTE1Y2M1YSJ9fX0\u003d\"}]},Name:\"§da4494c1-1a56-4cf1-b4e4-d2be6e55ea0b\"},display:{Lore:[0:\"§7Mining Wisdom: §a+1.5\",1:\"\",2:\"§7§7Grants §6+1 Magical Power\",3:\"§6§7per §a2 §7contacts in your\",4:\"§7Abiphone.\",5:\"\",6:\"§7§8Only ONE case will have an\",7:\"§8effect while in accessory bag.\",8:\"\",9:\"§9§lRARE ACCESSORY\",10:\"\",11:\"§7Cost\",12:\"§b17,000 Bits\"],Name:\"§9Actually Blue™ Abicase\"},ExtraAttributes:{model:\"BLUE_BLUE\",id:\"ABICASE_BLUE_BLUE\"}}",
  "damage": 3,
  "lore": [
    "§7Mining Wisdom: §a+1.5",
    "",
    "§7§7Grants §6+1 Magical Power",
    "§6§7per §a2 §7contacts in your",
    "§7Abiphone.",
    "",
    "§7§8Only ONE case will have an",
    "§8effect while in accessory bag.",
    "",
    "§9§lRARE ACCESSORY",
    "",
    "§7Cost",
    "§b17,000 Bits"
  ],
  "internalname": "ABICASE_BLUE_BLUE",
  "crafttext": "",
  "clickcommand": "",
  "modver": "2.1.0-REL",
  "infoType": "WIKI_URL",
  "info": [
    "https://wiki.hypixel.net/Abicase",
    "https://hypixel-skyblock.fandom.com/wiki/Abicases"
  ]
}