{
  "itemid": "minecraft:skull",
  "displayname": "§9Sumsung© G3 Abicase",
  "nbttag": "{HideFlags:254,SkullOwner:{Id:\"a820bcbe-e42b-4982-a412-22fb77086d26\",hypixelPopulated:1b,Properties:{textures:[0:{Value:\"eyJ0ZXh0dXJlcyI6eyJTS0lOIjp7InVybCI6Imh0dHA6Ly90ZXh0dXJlcy5taW5lY3JhZnQubmV0L3RleHR1cmUvNzBjZTMyYjkwZTE2NDE5MzE5ZGFmMzVlNmFkMDFiYjcxNWQ4OTg1NDhiOWVmNjZkZDc5OWEwMDEwN2U4NzM3NiJ9fX0\u003d\"}]},Name:\"§a820bcbe-e42b-4982-a412-22fb77086d26\"},display:{Lore:[0:\"§7§7Adds §a+1 §7contact slot.\",1:\"\",2:\"§7§7Grants §6+1 Magical Power\",3:\"§6§7per §a2 §7contacts in your\",4:\"§7Abiphone.\",5:\"\",6:\"§7§8Only ONE case will have an\",7:\"§8effect while in accessory bag.\",8:\"\",9:\"§9§lRARE ACCESSORY\",10:\"\",11:\"§7Cost\",12:\"§b15,000 Bits\"],Name:\"§9Sumsung© G3 Abicase\"},ExtraAttributes:{model:\"SUMSUNG_1\",id:\"ABICASE_SUMSUNG_1\"}}",
  "damage": 3,
  "lore": [
    "§7§7Adds §a+1 §7contact slot.",
    "",
    "§7§7Grants §6+1 Magical Power",
    "§6§7per §a2 §7contacts in your",
    "§7Abiphone.",
    "",
    "§7§8Only ONE case will have an",
    "§8effect while in accessory bag.",
    "",
    "§9§lRARE ACCESSORY",
    "",
    "§7Cost",
    "§b15,000 Bits"
  ],
  "internalname": "ABICASE_SUMSUNG_1",
  "crafttext": "",
  "clickcommand": "",
  "modver": "2.1.0-REL",
  "infoType": "WIKI_URL",
  "info": [
    "https://wiki.hypixel.net/Abicase",
    "https://hypixel-skyblock.fandom.com/wiki/Abicases"
  ]
}