{
  "itemid": "minecraft:skull",
  "displayname": "§9Blue™ but Green Abicase",
  "nbttag": "{HideFlags:254,SkullOwner:{Id:\"1888c0ab-2a22-464a-9f88-7b277876ef1d\",hypixelPopulated:1b,Properties:{textures:[0:{Value:\"eyJ0ZXh0dXJlcyI6eyJTS0lOIjp7InVybCI6Imh0dHA6Ly90ZXh0dXJlcy5taW5lY3JhZnQubmV0L3RleHR1cmUvYTk5MDlhOTc3OWI5NDZiOTc4NzQ0MmZhNDgzYWY0ZGU0YjJmMTlmZDQwZGMyMzcwZjdhOWI4ZjUyMWYyMWRkYyJ9fX0\u003d\"}]},Name:\"§1888c0ab-2a22-464a-9f88-7b277876ef1d\"},display:{Lore:[0:\"§7Foraging Wisdom: §a+1.5\",1:\"\",2:\"§7§7Grants §6+1 Magical Power\",3:\"§6§7per §a2 §7contacts in your\",4:\"§7Abiphone.\",5:\"\",6:\"§7§8Only ONE case will have an\",7:\"§8effect while in accessory bag.\",8:\"\",9:\"§9§lRARE ACCESSORY\",10:\"\",11:\"§7Cost\",12:\"§b17,000 Bits\"],Name:\"§9Blue™ but Green Abicase\"},ExtraAttributes:{model:\"BLUE_GREEN\",id:\"ABICASE_BLUE_GREEN\"}}",
  "damage": 3,
  "lore": [
    "§7Foraging Wisdom: §a+1.5",
    "",
    "§7§7Grants §6+1 Magical Power",
    "§6§7per §a2 §7contacts in your",
    "§7Abiphone.",
    "",
    "§7§8Only ONE case will have an",
    "§8effect while in accessory bag.",
    "",
    "§9§lRARE ACCESSORY",
    "",
    "§7Cost",
    "§b17,000 Bits"
  ],
  "internalname": "ABICASE_BLUE_GREEN",
  "crafttext": "",
  "clickcommand": "",
  "modver": "2.1.0-REL",
  "infoType": "WIKI_URL",
  "info": [
    "https://wiki.hypixel.net/Abicase",
    "https://hypixel-skyblock.fandom.com/wiki/Abicases"
  ]
}