{
  "itemid": "minecraft:leather_chestplate",
  "displayname": "§fAngler Chestplate",
  "nbttag": "{Unbreakable:1,HideFlags:254,display:{Lore:[0:\"§7Sea Creature Chance: §c+1%\",1:\"§7Defense: §a+40\",2:\"\",3:\"§6Full Set Bonus: Depth Champion\",4:\"§7Take §a-30% §7damage from Sea Creatures.\",5:\"§7Increase their spawn chance by §e4%§7.\",6:\"\",7:\"§6Full Set Bonus: Deepness Within\",8:\"§7Gain §c10❤ §7per Fishing level.\",9:\"§7Fishing: §eLevel §k00\",10:\"\",11:\"§7§8This item can be reforged!\",12:\"§f§lCOMMON CHESTPLATE\"],color:720975,Name:\"§fAngler Chestplate\"},ExtraAttributes:{color:\"11:0:79\",id:\"ANGLER_CHESTPLATE\"}}",
  "damage": 0,
  "lore": [
    "§7Sea Creature Chance: §c+1%",
    "§7Defense: §a+40",
    "",
    "§6Full Set Bonus: Depth Champion",
    "§7Take §a-30% §7damage from Sea Creatures.",
    "§7Increase their spawn chance by §e4%§7.",
    "",
    "§6Full Set Bonus: Deepness Within",
    "§7Gain §c10❤ §7per Fishing level.",
    "§7Fishing: §eLevel §k00",
    "",
    "§7§8This item can be reforged!",
    "§f§lCOMMON CHESTPLATE"
  ],
  "recipe": {
    "A1": "RAW_FISH:1",
    "A2": "",
    "A3": "RAW_FISH:1",
    "B1": "RAW_FISH:1",
    "B2": "RAW_FISH:1",
    "B3": "RAW_FISH:1",
    "C1": "RAW_FISH:1",
    "C2": "RAW_FISH:1",
    "C3": "RAW_FISH:1"
  },
  "internalname": "ANGLER_CHESTPLATE",
  "clickcommand": "viewrecipe",
  "modver": "2.1.0-REL",
  "infoType": "WIKI_URL",
  "info": [
    "https://hypixel-skyblock.fandom.com/wiki/Angler_Armor",
    "https://wiki.hypixel.net/Angler_Chestplate"
  ],
  "crafttext": "Requires: Raw Fish V"
}