{
  "itemid": "minecraft:skull",
  "displayname": "§9Anita (NPC)",
  "nbttag": "{HideFlags:254,SkullOwner:{Id:\"87cc81d1-6e2e-5165-8b60-e26cb7677a55\",Properties:{textures:[0:{Value:\"e3RleHR1cmVzOntTS0lOOnt1cmw6Imh0dHA6Ly90ZXh0dXJlcy5taW5lY3JhZnQubmV0L3RleHR1cmUvMmVhYzE3YzEyZjQ3YTUxZjBiOTNjZDA3OWJmYmJjNWEzMTU2NTg1M2ZhMmExYWRhYTlkNWFlNDgzNzA4OWM2In19fQ\u003d\u003d\"}]}},display:{Lore:[0:\"\"],Name:\"§9Anita (NPC)\"},ExtraAttributes:{id:\"ANITA_NPC\"}}",
  "damage": 3,
  "lore": [
    ""
  ],
  "internalname": "ANITA_NPC",
  "clickcommand": "viewrecipe",
  "modver": "2.1.0-REL",
  "infoType": "WIKI_URL",
  "info": [
    "https://hypixel-skyblock.fandom.com/wiki/Anita",
    "https://wiki.hypixel.net/Anita"
  ],
  "x": 22,
  "y": 79,
  "z": -70,
  "island": "hub",
  "recipes": [
    {
      "type": "npc_shop",
      "cost": [
        "JACOBS_TICKET:1"
      ],
      "result": "INFINIDIRT_WAND"
    },
    {
      "type": "npc_shop",
      "cost": [
        "SKYBLOCK_BRONZE_MEDAL:1",
        "JACOBS_TICKET:2"
      ],
      "result": "PRISMAPUMP:4"
    },
    {
      "type": "npc_shop",
      "cost": [
        "SKYBLOCK_BRONZE_MEDAL:1",
        "JACOBS_TICKET:5"
      ],
      "result": "HOE_OF_GREAT_TILLING"
    },
    {
      "type": "npc_shop",
      "cost": [
        "SKYBLOCK_SILVER_MEDAL:1",
        "JACOBS_TICKET:10"
      ],
      "result": "HOE_OF_GREATER_TILLING"
    },
    {
      "type": "npc_shop",
      "cost": [
        "SKYBLOCK_SILVER_MEDAL:2",
        "JACOBS_TICKET:30"
      ],
      "result": "BASKET_OF_SEEDS"
    },
    {
      "type": "npc_shop",
      "cost": [
        "SKYBLOCK_SILVER_MEDAL:2",
        "JACOBS_TICKET:30"
      ],
      "result": "NETHER_WART_POUCH"
    },
    {
      "type": "npc_shop",
      "cost": [
        "SKYBLOCK_SILVER_MEDAL:2",
        "JACOBS_TICKET:32"
      ],
      "result": "DELICATE;5"
    },
    {
      "type": "npc_shop",
      "cost": [
        "SKYBLOCK_GOLD_MEDAL:1",
        "JACOBS_TICKET:32"
      ],
      "result": "THEORETICAL_HOE"
    },
    {
      "type": "npc_shop",
      "cost": [
        "SKYBLOCK_GOLD_MEDAL:1",
        "JACOBS_TICKET:32"
      ],
      "result": "COCO_CHOPPER"
    },
    {
      "type": "npc_shop",
      "cost": [
        "SKYBLOCK_GOLD_MEDAL:1",
        "JACOBS_TICKET:32"
      ],
      "result": "MELON_DICER"
    },
    {
      "type": "npc_shop",
      "cost": [
        "SKYBLOCK_GOLD_MEDAL:1",
        "JACOBS_TICKET:32"
      ],
      "result": "PUMPKIN_DICER"
    },
    {
      "type": "npc_shop",
      "cost": [
        "SKYBLOCK_GOLD_MEDAL:1",
        "JACOBS_TICKET:32"
      ],
      "result": "FUNGI_CUTTER"
    },
    {
      "type": "npc_shop",
      "cost": [
        "SKYBLOCK_GOLD_MEDAL:1",
        "JACOBS_TICKET:32"
      ],
      "result": "CACTUS_KNIFE"
    }
  ],
  "crafttext": ""
}