{
  "internalname": "BAT;2",
  "itemid": "minecraft:skull",
  "displayname": "§f§f§7[Lvl {LVL}] §9Bat",
  "clickcommand": "viewrecipe",
  "damage": 3,
  "nbttag": "{overrideMeta:1b,HideFlags:254,SkullOwner:{Id:\"1911c3bb-c0af-3474-98e2-486478c5b9ea\",Properties:{textures:[0:{Value:\"eyJ0ZXh0dXJlcyI6eyJTS0lOIjp7InVybCI6Imh0dHA6Ly90ZXh0dXJlcy5taW5lY3JhZnQubmV0L3RleHR1cmUvMzgyZmMzZjcxYjQxNzY5Mzc2YTllOTJmZTNhZGJhYWMzNzcyYjk5OWIyMTljOWQ2YjQ2ODBiYTk5ODNlNTI3In19fQ==\"}]}},display:{Lore:[0:\"§8Mining Pet\",1:\"\",2:\"§7Intelligence: §a{INTELLIGENCE}\",3:\"§7Speed: §a{SPEED}\",4:\"\",5:\"§6Candy Lover\",6:\"§7§7Increases the chance for mobs\",7:\"§7to drop Candy by §a{2}%\",8:\"\",9:\"§6Nightmare\",10:\"§7§7§7During night, gain §a{0}\",11:\"§b✎ Intelligence§7, §a{1} §f✦\",12:\"§fSpeed§7, and night vision.\",13:\"\",14:\"§7§eRight-click to add this pet to\",15:\"§eyour pet menu!\",16:\"\",17:\"§9§lRARE\"],Name:\"§f§f§7[Lvl {LVL}] §9Bat\"},ExtraAttributes:{petInfo:\"{\\\"type\\\":\\\"BAT\\\",\\\"active\\\":false,\\\"exp\\\":0,\\\"tier\\\":\\\"RARE\\\",\\\"hideInfo\\\":false,\\\"candyUsed\\\":0}\",id:\"BAT;2\"},AttributeModifiers:[]}",
  "modver": "2.1.0-REL",
  "lore": [
    "§8Mining Pet",
    "",
    "§7Intelligence: §a{INTELLIGENCE}",
    "§7Speed: §a{SPEED}",
    "",
    "§6Candy Lover",
    "§7§7Increases the chance for mobs",
    "§7to drop Candy by §a{2}%",
    "",
    "§6Nightmare",
    "§7§7§7During night, gain §a{0}",
    "§b✎ Intelligence§7, §a{1} §f✦",
    "§fSpeed§7, and night vision.",
    "",
    "§7§eRight-click to add this pet to",
    "§eyour pet menu!",
    "",
    "§9§lRARE"
  ],
  "recipe": {
    "A1": "ENCHANTED_BROWN_MUSHROOM:8",
    "A2": "ENCHANTED_BROWN_MUSHROOM:8",
    "A3": "ENCHANTED_BROWN_MUSHROOM:8",
    "B1": "ENCHANTED_BROWN_MUSHROOM:8",
    "B2": "ENCHANTED_EGG:1",
    "B3": "ENCHANTED_BROWN_MUSHROOM:8",
    "C1": "ENCHANTED_BROWN_MUSHROOM:8",
    "C2": "ENCHANTED_BROWN_MUSHROOM:8",
    "C3": "ENCHANTED_BROWN_MUSHROOM:8"
  },
  "crafttext": "15% Chance",
  "useneucraft": true,
  "infoType": "WIKI_URL",
  "info": [
    "https://hypixel-skyblock.fandom.com/wiki/Bat_Pet",
    "https://wiki.hypixel.net/Bat_Pet"
  ],
  "recipes": [
    {
      "type": "katgrade",
      "coins": 5000,
      "time": 21600,
      "input": "BAT;1",
      "output": "BAT;2",
      "items": []
    }
  ]
}