{
  "itemid": "minecraft:skull",
  "displayname": "§aBatty Witch (Monster)",
  "nbttag": "{SkullOwner:{Id:\"7f92b3d6-5ee0-4ab6-afae-2206b9514a63\",Properties:{textures:[0:{Value:\"eyJ0ZXh0dXJlcyI6eyJTS0lOIjp7InVybCI6Imh0dHA6Ly90ZXh0dXJlcy5taW5lY3JhZnQubmV0L3RleHR1cmUvMjBlMTNkMTg0NzRmYzk0ZWQ1NWFlYjcwNjk1NjZlNDY4N2Q3NzNkYWMxNmY0YzNmODcyMmZjOTViZjlmMmRmYSJ9fX0\u003d\u003d\"}]}},display:{Lore:[0:\"§7The Batty Witch can only spawn during the,\",1:\"§7Spooky Festival and from Trick or Treat boxes.\",2:\"§7This enemy spawns bats that follows a player\",3:\"§7and explodes on them.\",4:\"\",5:\"§c❤ Health§8: §c17\"],Name:\"§aBatty Witch (Monster)\"},ExtraAttributes:{id:\"BATTY_WITCH_MONSTER\"}}",
  "damage": 3,
  "lore": [
    "§7The Batty Witch can only spawn during the,",
    "§7Spooky Festival and from Trick or Treat boxes.",
    "§7This enemy spawns bats that follows a player",
    "§7and explodes on them.",
    "",
    "§c❤ Health§8: §c17"
  ],
  "internalname": "BATTY_WITCH_MONSTER",
  "clickcommand": "viewrecipe",
  "modver": "2.1.0-REL",
  "infoType": "WIKI_URL",
  "info": [
    "https://hypixel-skyblock.fandom.com/wiki/Batty_Witch",
    "https://wiki.hypixel.net/Batty_Witch"
  ],
  "crafttext": "",
  "recipes": [
    {
      "level": 60,
      "coins": 1,
      "xp": 1,
      "combat_xp": 20,
      "render": "Witch",
      "panorama": "hub",
      "name": "§cBatty Witch",
      "type": "drops",
      "drops": [
        {
          "id": "GREEN_CANDY:1",
          "extra": [],
          "chance": "x1-2"
        },
        {
          "id": "PURPLE_CANDY:1",
          "extra": [],
          "chance": "35%"
        },
        {
          "id": "DYE_DARK_PURPLE:1",
          "extra": [],
          "chance": "0.0001%"
        }
      ]
    }
  ]
}