{
  "itemid": "minecraft:beacon",
  "displayname": "§9Beacon II",
  "nbttag": "{ench:[],overrideMeta:1b,HideFlags:254,display:{Lore:[0:\"§7Tier: §bII\",1:\"\",2:\"§7Can be placed on your private island.\",3:\"\",4:\"§7Grants special buffs to the\",5:\"§7island owners when powered by\",6:\"§7§dPower Crystals §7obtained from\",7:\"§7the forge in the §2Dwarven\",8:\"§2Mines§7\",9:\"\",10:\"§4❣ §cRequires §5Heart of the\",11:\"§5Mountain Tier 2\",12:\"§9§lRARE\"],Name:\"§9Beacon II\"},ExtraAttributes:{id:\"BEACON_2\"},AttributeModifiers:[]}",
  "damage": 0,
  "lore": [
    "§7Tier: §bII",
    "",
    "§7Can be placed on your private island.",
    "",
    "§7Grants special buffs to the",
    "§7island owners when powered by",
    "§7§dPower Crystals §7obtained from",
    "§7the forge in the §2Dwarven",
    "§2Mines§7",
    "",
    "§4❣ §cRequires §5Heart of the",
    "§5Mountain Tier 2",
    "§9§lRARE"
  ],
  "internalname": "BEACON_2",
  "crafttext": "",
  "clickcommand": "viewrecipe",
  "modver": "2.1.0-REL",
  "infoType": "WIKI_URL",
  "info": [
    "https://hypixel-skyblock.fandom.com/wiki/Beacon",
    "https://wiki.hypixel.net/Beacon"
  ],
  "recipes": [
    {
      "type": "forge",
      "inputs": [
        "REFINED_MITHRIL:5",
        "BEACON_1:1"
      ],
      "count": 1,
      "overrideOutputId": "BEACON_2",
      "duration": 72000
    }
  ]
}