{
  "itemid": "minecraft:golden_sword",
  "displayname": "§9Odd Bingolibur",
  "nbttag": "{Unbreakable:1b,HideFlags:254,display:{Lore:[0:\"§7Damage: §c+80\",1:\"§7Strength: §c+80\",2:\"§7Crit Damage: §c+50%\",3:\"\",4:\"§7§7Gives §b+1✯ Magic Find §7for\",5:\"§7each SkyBlock Level (Max 50).\",6:\"\",7:\"§8§l* §8Co-op Soulbound §8§l*\",8:\"§9§lRARE SWORD\"],Name:\"§9Odd Bingolibur\"},ExtraAttributes:{modifier:\"odd_sword\",id:\"BINGOLIBUR\"}}",
  "damage": 0,
  "lore": [
    "§7Damage: §c+80",
    "§7Strength: §c+80",
    "§7Crit Damage: §c+50%",
    "",
    "§7§7Gives §b+1✯ Magic Find §7for",
    "§7each SkyBlock Level (Max 50).",
    "",
    "§8§l* §8Co-op Soulbound §8§l*",
    "§9§lRARE SWORD"
  ],
  "internalname": "BINGOLIBUR",
  "crafttext": "",
  "clickcommand": "",
  "modver": "2.1.0-REL",
  "infoType": ""
}