{
  "itemid": "minecraft:skull",
  "displayname": "§9Bobbin\u0027 Scriptures",
  "nbttag": "{HideFlags:254,SkullOwner:{Id:\"7ac11b2a-8a13-3b20-bb6a-33469c07eee1\",Properties:{textures:[0:{Value:\"eyJ0ZXh0dXJlcyI6eyJTS0lOIjp7InVybCI6Imh0dHA6Ly90ZXh0dXJlcy5taW5lY3JhZnQubmV0L3RleHR1cmUvOGQ5ZTk1NWE1MDYwMDBmMWQ4YmZjNjhlYWFmZTA0Y2M3ZGZiNDRmMDYyM2ExYjNkMGJmMjE1YThkNWE4NjFjMiJ9fX0\u003d\"}]}},display:{Lore:[0:\"§eRight-click to view recipes!\",1:\"§7The sacred ways of bobbin\u0027,\",2:\"§7written by a long-forgotten\",3:\"§7worshipper of Kuudra.\",4:\"\",5:\"§9§lRARE\"],Name:\"§9Bobbin\u0027 Scriptures\"},ExtraAttributes:{id:\"BOBBIN_SCRIPTURES\"}}",
  "damage": 3,
  "lore": [
    "§eRight-click to view recipes!",
    "§7The sacred ways of bobbin\u0027,",
    "§7written by a long-forgotten",
    "§7worshipper of Kuudra.",
    "",
    "§9§lRARE"
  ],
  "internalname": "BOBBIN_SCRIPTURES",
  "crafttext": "",
  "clickcommand": "",
  "modver": "2.1.0-REL",
  "infoType": "WIKI_URL",
  "info": [
    "https://hypixel-skyblock.fandom.com/wiki/Bobbin%27_Scriptures",
    "https://wiki.hypixel.net/Bobbin%27_Scriptures"
  ]
}