{
  "itemid": "minecraft:book",
  "displayname": "§5Book of Stats",
  "nbttag": "{HideFlags:254,display:{Lore:[0:\"§7§8Combinable in Anvil\",1:\"\",2:\"§7Tracks the amount of kills you\",3:\"§7get with a weapon when applied\",4:\"§7to it.\",5:\"\",6:\"§5§lEPIC COSMETIC\"],Name:\"§5Book of Stats\"},ExtraAttributes:{id:\"BOOK_OF_STATS\"}}",
  "damage": 0,
  "lore": [
    "§7§8Combinable in Anvil",
    "",
    "§7Tracks the amount of kills you",
    "§7get with a weapon when applied",
    "§7to it.",
    "",
    "§5§lEPIC COSMETIC"
  ],
  "internalname": "BOOK_OF_STATS",
  "crafttext": "",
  "clickcommand": "",
  "modver": "2.1.0-REL",
  "infoType": "WIKI_URL",
  "info": [
    "https://hypixel-skyblock.fandom.com/wiki/Book_of_Stats",
    "https://wiki.hypixel.net/Book_Of_Stats"
  ]
}