{
  "itemid": "minecraft:bow",
  "displayname": "§5Spirit Bow",
  "nbttag": "{overrideMeta:1b,HideFlags:254,display:{Lore:[0:\"§7An extremely fragile but\",1:\"§7powerful bow, capable of\",2:\"§7damaging §cThorn§7, despite\",3:\"§7him being a spirit!\"],Name:\"§5Spirit Bow\"},ExtraAttributes:{originTag:\"UNKNOWN\",id:\"BOSS_SPIRIT_BOW\"},AttributeModifiers:[]}",
  "damage": 0,
  "lore": [
    "§7An extremely fragile but",
    "§7powerful bow, capable of",
    "§7damaging §cThorn§7, despite",
    "§7him being a spirit!"
  ],
  "internalname": "BOSS_SPIRIT_BOW",
  "crafttext": "",
  "clickcommand": "",
  "modver": "2.1.0-REL",
  "infoType": "WIKI_URL",
  "info": [
    "https://hypixel-skyblock.fandom.com/wiki/Spirit_Bow_(Thorn)",
    "https://wiki.hypixel.net/Spirit_Bow"
  ]
}