{
  "itemid": "minecraft:skull",
  "displayname": "§9Bottled Inspiration",
  "nbttag": "{HideFlags:254,SkullOwner:{Id:\"2c70d92e-9e43-3e7a-aac0-26a1bc7ca866\",Properties:{textures:[0:{Value:\"eyJ0ZXh0dXJlcyI6eyJTS0lOIjp7InVybCI6Imh0dHA6Ly90ZXh0dXJlcy5taW5lY3JhZnQubmV0L3RleHR1cmUvNjAyMjZkNGMxZDMwZmJlYmVjYWU5MzlkYTkwMDYwM2U0Y2QwZmVkODU5MmExYmIzZTExZjlhYzkyMzkxYTQ1YSJ9fX0\u003d\"}]}},display:{Lore:[0:\"§7Its inspiration, but in a\",1:\"§7bottle!\",2:\"\",3:\"§9§lRARE\"],Name:\"§9Bottled Inspiration\"},ExtraAttributes:{id:\"BOTTLED_INSPIRATION\"}}",
  "damage": 3,
  "lore": [
    "§7Its inspiration, but in a",
    "§7bottle!",
    "",
    "§9§lRARE"
  ],
  "internalname": "BOTTLED_INSPIRATION",
  "crafttext": "",
  "clickcommand": "",
  "modver": "2.1.0-REL",
  "infoType": ""
}