{
  "itemid": "minecraft:brewing_stand",
  "displayname": "§fBrewing Stand",
  "nbttag": "{HideFlags:254,display:{Lore:[0:\"§f§lCOMMON\"],Name:\"§fBrewing Stand\"},ExtraAttributes:{id:\"BREWING_STAND_ITEM\"}}",
  "damage": 0,
  "lore": [
    "§f§lCOMMON"
  ],
  "internalname": "BREWING_STAND_ITEM",
  "modver": "2.1.0-REL",
  "vanilla": true,
  "clickcommand": "viewrecipe",
  "recipe": {
    "A1": "",
    "A2": "BLAZE_ROD:1",
    "A3": "",
    "B1": "COBBLESTONE:1",
    "B2": "COBBLESTONE:1",
    "B3": "COBBLESTONE:1",
    "C1": "",
    "C2": "",
    "C3": ""
  },
  "infoType": "WIKI_URL",
  "info": [
    "https://hypixel-skyblock.fandom.com/wiki/Brewing_Stand",
    "https://wiki.hypixel.net/Brewing_Stand"
  ]
}