{
  "itemid": "minecraft:skull",
  "displayname": "§fBush",
  "nbttag": "{HideFlags:254,SkullOwner:{Id:\"269b4d81-0e24-349a-ba03-ce9908dfc819\",Properties:{textures:[0:{Value:\"eyJ0ZXh0dXJlcyI6eyJTS0lOIjp7InVybCI6Imh0dHA6Ly90ZXh0dXJlcy5taW5lY3JhZnQubmV0L3RleHR1cmUvODVjZTQwZWVmODY5YmUyY2Y4ODg4OWRhOTI2OGNmZGU2ZDkzMTliMzc3ODU4OWFkNDdlOWQzNWFhYThmMWQifX19\"}]}},display:{Lore:[0:\"§8Decoration item\",1:\"\",2:\"§f§lCOMMON\"],Name:\"§fBush\"},ExtraAttributes:{id:\"BUILDER_BUSH\"}}",
  "damage": 3,
  "lore": [
    "§8Decoration item",
    "",
    "§f§lCOMMON"
  ],
  "internalname": "BUILDER_BUSH",
  "crafttext": "",
  "clickcommand": "",
  "modver": "2.1.0-REL",
  "infoType": "WIKI_URL",
  "info": [
    "https://hypixel-skyblock.fandom.com/wiki/Decorations",
    "https://wiki.hypixel.net/Bush"
  ]
}