{
  "itemid": "minecraft:leather_chestplate",
  "displayname": "§6Burning Crimson Chestplate",
  "nbttag": "{Unbreakable:1b,HideFlags:254,display:{Lore:[0:\"§7Strength: §c+48\",1:\"§7Crit Damage: §c+32%\",2:\"§7Health: §a+365\",3:\"§7Defense: §a+103\",4:\"§7Intelligence: §a+8\",5:\" §8[§8⚔§8] §8[§8⚔§8]\",6:\"\",7:\"§8Tiered Bonus: Dominus (0/4)\",8:\"§7For every melee kill gain §c1 §7stack\",9:\"§7of §6Dominus ᝐ§7.\",10:\"§7\",11:\"§7Each §6Dominus ᝐ §7stack grants §e0.1\",12:\"§e§7melee range.\",13:\"§7\",14:\"§7At §c10 §7stacks also §dswipe §7in a\",15:\"§7random direction hitting every enemy\",16:\"§7in the path of the swipe.\",17:\"§7\",18:\"§7Lose 1 stack after §c4s §7of not\",19:\"§7gaining a stack.\",20:\"\",21:\"§7§8This item can be reforged!\",22:\"§8§l* §8Co-op Soulbound §8§l*\",23:\"§6§lLEGENDARY CHESTPLATE\"],color:16740108,Name:\"§6Burning Crimson Chestplate\"},ExtraAttributes:{id:\"BURNING_CRIMSON_CHESTPLATE\"}}",
  "damage": 0,
  "lore": [
    "§7Strength: §c+48",
    "§7Crit Damage: §c+32%",
    "§7Health: §a+365",
    "§7Defense: §a+103",
    "§7Intelligence: §a+8",
    " §8[§8⚔§8] §8[§8⚔§8]",
    "",
    "§8Tiered Bonus: Dominus (0/4)",
    "§7For every melee kill gain §c1 §7stack",
    "§7of §6Dominus ᝐ§7.",
    "§7",
    "§7Each §6Dominus ᝐ §7stack grants §e0.1",
    "§e§7melee range.",
    "§7",
    "§7At §c10 §7stacks also §dswipe §7in a",
    "§7random direction hitting every enemy",
    "§7in the path of the swipe.",
    "§7",
    "§7Lose 1 stack after §c4s §7of not",
    "§7gaining a stack.",
    "",
    "§7§8This item can be reforged!",
    "§8§l* §8Co-op Soulbound §8§l*",
    "§6§lLEGENDARY CHESTPLATE"
  ],
  "internalname": "BURNING_CRIMSON_CHESTPLATE",
  "crafttext": "",
  "clickcommand": "",
  "modver": "2.1.0-REL",
  "infoType": "WIKI_URL",
  "info": [
    "https://hypixel-skyblock.fandom.com/wiki/Crimson_Armor",
    "https://wiki.hypixel.net/Burning_Crimson_Chestplate"
  ]
}