{
  "itemid": "minecraft:leather_boots",
  "displayname": "§6Burning Hollow Boots",
  "nbttag": "{Unbreakable:1b,HideFlags:254,display:{Lore:[0:\"§7Strength: §c+24\",1:\"§7Crit Damage: §c+16%\",2:\"§7Health: §a+206\",3:\"§7Defense: §a+64\",4:\"§7Speed: §a+8\",5:\"§7Intelligence: §a+135\",6:\" §8[§8⚔§8] §8[§8⚔§8]\",7:\"\",8:\"§8Tiered Bonus: Spirit (0/4)\",9:\"§7Each kill by you or a recently supported\",10:\"§7player grants §c1 §7stack of §6Spirit\",11:\"§6⚶§7. §8(Max 30)\",12:\"§7\",13:\"§7§7Each §6Spirit ⚶ §7stack can be used as\",14:\"§7charge for the §6§6Hollow Chestplate§7.\",15:\"§7\",16:\"§7Lose 1 stack after §c4s §7of not gaining\",17:\"§7a stack.\",18:\"\",19:\"§7§8This item can be reforged!\",20:\"§8§l* §8Co-op Soulbound §8§l*\",21:\"§6§lLEGENDARY BOOTS\"],color:14942202,Name:\"§6Burning Hollow Boots\"},ExtraAttributes:{id:\"BURNING_HOLLOW_BOOTS\"}}",
  "damage": 0,
  "lore": [
    "§7Strength: §c+24",
    "§7Crit Damage: §c+16%",
    "§7Health: §a+206",
    "§7Defense: §a+64",
    "§7Speed: §a+8",
    "§7Intelligence: §a+135",
    " §8[§8⚔§8] §8[§8⚔§8]",
    "",
    "§8Tiered Bonus: Spirit (0/4)",
    "§7Each kill by you or a recently supported",
    "§7player grants §c1 §7stack of §6Spirit",
    "§6⚶§7. §8(Max 30)",
    "§7",
    "§7§7Each §6Spirit ⚶ §7stack can be used as",
    "§7charge for the §6§6Hollow Chestplate§7.",
    "§7",
    "§7Lose 1 stack after §c4s §7of not gaining",
    "§7a stack.",
    "",
    "§7§8This item can be reforged!",
    "§8§l* §8Co-op Soulbound §8§l*",
    "§6§lLEGENDARY BOOTS"
  ],
  "internalname": "BURNING_HOLLOW_BOOTS",
  "crafttext": "",
  "clickcommand": "",
  "modver": "2.1.0-REL",
  "infoType": "WIKI_URL",
  "info": [
    "https://hypixel-skyblock.fandom.com/wiki/Hollow_Armor",
    "https://wiki.hypixel.net/Burning_Hollow_Boots"
  ]
}