{
  "itemid": "minecraft:diamond_sword",
  "displayname": "§5Mawdredge Dagger",
  "nbttag": "{Unbreakable:1b,HideFlags:254,display:{Lore:[0:\"§7Damage: §c+130\",1:\"§7Strength: §c+55\",2:\"§7Crit Damage: §c+20%\",3:\"§7Bonus Attack Speed: §c+10%\",4:\" §8[§8⚔§8] §8[§8❂§8]\",5:\"\",6:\"§6Ability: Attunement §e§lRIGHT CLICK\",7:\"§7Swap between §fSpirit §7and\",8:\"§7§bCrystal §7mode in order to\",9:\"§7attack through Hellion Shields.\",10:\"\",11:\"§7Attuned: §bCrystal\",12:\"\",13:\"§7Deal §c2.5x §7damage to Blazes§7.\",14:\"§7Deal §c1.5x §7damage to Skeletons§7.\",15:\"\",16:\"§6Ability: Wraith Drain\",17:\"§7§7On hit, heal §7for §c200 §7+\",18:\"§7§c4%❤ §7after §a6s §7if the\",19:\"§7Hellion Shield has switched\",20:\"§7attunement.\",21:\"\",22:\"§4☠ §cRequires §5Blaze Slayer 4\",23:\"§5§lEPIC SWORD\"],Name:\"§5Mawdredge Dagger\"},ExtraAttributes:{id:\"BURSTMAW_DAGGER\"}}",
  "damage": 0,
  "lore": [
    "§7Damage: §c+130",
    "§7Strength: §c+55",
    "§7Crit Damage: §c+20%",
    "§7Bonus Attack Speed: §c+10%",
    " §8[§8⚔§8] §8[§8❂§8]",
    "",
    "§6Ability: Attunement §e§lRIGHT CLICK",
    "§7Swap between §fSpirit §7and",
    "§7§bCrystal §7mode in order to",
    "§7attack through Hellion Shields.",
    "",
    "§7Attuned: §bCrystal",
    "",
    "§7Deal §c2.5x §7damage to Blazes§7.",
    "§7Deal §c1.5x §7damage to Skeletons§7.",
    "",
    "§6Ability: Wraith Drain",
    "§7§7On hit, heal §7for §c200 §7+",
    "§7§c4%❤ §7after §a6s §7if the",
    "§7Hellion Shield has switched",
    "§7attunement.",
    "",
    "§4☠ §cRequires §5Blaze Slayer 4",
    "§5§lEPIC SWORD"
  ],
  "recipe": {
    "A1": "",
    "A2": "ENCHANTED_SULPHUR_CUBE:1",
    "A3": "",
    "B1": "",
    "B2": "MOLTEN_POWDER:8",
    "B3": "",
    "C1": "",
    "C2": "MAWDUST_DAGGER:1",
    "C3": ""
  },
  "internalname": "BURSTMAW_DAGGER",
  "slayer_req": "BLAZE_4",
  "crafttext": "",
  "clickcommand": "viewrecipe",
  "modver": "2.1.0-REL",
  "infoType": "WIKI_URL",
  "info": [
    "https://hypixel-skyblock.fandom.com/wiki/Mawdredge_Dagger",
    "https://wiki.hypixel.net/Mawdredge_Dagger"
  ]
}